/*
 Navicat MySQL Data Transfer

 Source Server         : HJXdemo
 Source Server Type    : MySQL
 Source Server Version : 80026
 Source Host           : localhost:3306
 Source Schema         : zhengxin

 Target Server Type    : MySQL
 Target Server Version : 80026
 File Encoding         : 65001

 Date: 07/06/2022 10:46:10
*/

SET NAMES utf8mb4;
SET FOREIGN_KEY_CHECKS = 0;

-- ----------------------------
-- Table structure for address_book
-- ----------------------------
DROP TABLE IF EXISTS `address_book`;
CREATE TABLE `address_book`  (
  `id` bigint(0) NOT NULL COMMENT '主键',
  `user_id` bigint(0) NOT NULL COMMENT '用户id',
  `consignee` varchar(50) CHARACTER SET utf8 COLLATE utf8_bin NOT NULL COMMENT '收货人',
  `sex` tinyint(0) NOT NULL COMMENT '性别 0 女 1 男',
  `phone` varchar(11) CHARACTER SET utf8 COLLATE utf8_bin NOT NULL COMMENT '手机号',
  `province_code` varchar(12) CHARACTER SET utf8mb4 COLLATE utf8mb4_general_ci NULL DEFAULT NULL COMMENT '省级区划编号',
  `province_name` varchar(32) CHARACTER SET utf8mb4 COLLATE utf8mb4_general_ci NULL DEFAULT NULL COMMENT '省级名称',
  `city_code` varchar(12) CHARACTER SET utf8mb4 COLLATE utf8mb4_general_ci NULL DEFAULT NULL COMMENT '市级区划编号',
  `city_name` varchar(32) CHARACTER SET utf8mb4 COLLATE utf8mb4_general_ci NULL DEFAULT NULL COMMENT '市级名称',
  `district_code` varchar(12) CHARACTER SET utf8mb4 COLLATE utf8mb4_general_ci NULL DEFAULT NULL COMMENT '区级区划编号',
  `district_name` varchar(32) CHARACTER SET utf8mb4 COLLATE utf8mb4_general_ci NULL DEFAULT NULL COMMENT '区级名称',
  `detail` varchar(200) CHARACTER SET utf8mb4 COLLATE utf8mb4_general_ci NULL DEFAULT NULL COMMENT '详细地址',
  `label` varchar(100) CHARACTER SET utf8mb4 COLLATE utf8mb4_general_ci NULL DEFAULT NULL COMMENT '标签',
  `is_default` tinyint(1) NOT NULL DEFAULT 0 COMMENT '默认 0 否 1是',
  `create_time` datetime(0) NOT NULL COMMENT '创建时间',
  `update_time` datetime(0) NOT NULL COMMENT '更新时间',
  `create_user` bigint(0) NOT NULL COMMENT '创建人',
  `update_user` bigint(0) NOT NULL COMMENT '修改人',
  `is_deleted` int(0) NOT NULL DEFAULT 0 COMMENT '是否删除',
  PRIMARY KEY (`id`) USING BTREE
) ENGINE = InnoDB CHARACTER SET = utf8 COLLATE = utf8_bin COMMENT = '地址管理' ROW_FORMAT = Dynamic;

-- ----------------------------
-- Records of address_book
-- ----------------------------
INSERT INTO `address_book` VALUES (1533620804554432513, 1, '黄佳鑫', 1, '15080100569', NULL, NULL, NULL, NULL, NULL, NULL, '福建省莆田市城厢区莆田学院中区', '学校', 1, '2022-06-06 09:24:28', '2022-06-07 10:00:34', 1, 1, 0);
INSERT INTO `address_book` VALUES (1533650287722266625, 1533650160219619329, '黄佳鑫', 1, '15080100569', NULL, NULL, NULL, NULL, NULL, NULL, '莆田学院', '学校', 1, '2022-06-06 11:21:37', '2022-06-06 11:21:39', 1533650160219619329, 1533650160219619329, 0);
INSERT INTO `address_book` VALUES (1533707105479737345, 1, '小李子', 0, '13506964590', NULL, NULL, NULL, NULL, NULL, NULL, '莆田学院北区', '学校', 0, '2022-06-06 15:07:24', '2022-06-07 10:00:32', 1, 1, 0);
INSERT INTO `address_book` VALUES (1533765374139211777, 1533764910425350146, '黄佳鑫', 1, '13506964590', NULL, NULL, NULL, NULL, NULL, NULL, '莆田学院', '学校', 1, '2022-06-06 18:58:56', '2022-06-06 18:58:58', 1533764910425350146, 1533764910425350146, 0);
INSERT INTO `address_book` VALUES (1533835242196774913, 1, '小陈啊', 0, '18065555360', NULL, NULL, NULL, NULL, NULL, NULL, '泉州动车站', '公司', 0, '2022-06-06 23:36:34', '2022-06-07 10:00:33', 1, 1, 0);

-- ----------------------------
-- Table structure for category
-- ----------------------------
DROP TABLE IF EXISTS `category`;
CREATE TABLE `category`  (
  `id` bigint(0) NOT NULL COMMENT '主键',
  `type` int(0) NULL DEFAULT NULL COMMENT '类型   1 菜品分类 2 套餐分类',
  `name` varchar(64) CHARACTER SET utf8 COLLATE utf8_bin NOT NULL COMMENT '分类名称',
  `sort` int(0) NOT NULL DEFAULT 0 COMMENT '顺序',
  `create_time` datetime(0) NOT NULL COMMENT '创建时间',
  `update_time` datetime(0) NOT NULL COMMENT '更新时间',
  `create_user` bigint(0) NOT NULL COMMENT '创建人',
  `update_user` bigint(0) NOT NULL COMMENT '修改人',
  PRIMARY KEY (`id`) USING BTREE,
  UNIQUE INDEX `idx_category_name`(`name`) USING BTREE
) ENGINE = InnoDB CHARACTER SET = utf8 COLLATE = utf8_bin COMMENT = '菜品及套餐分类' ROW_FORMAT = Dynamic;

-- ----------------------------
-- Records of category
-- ----------------------------
INSERT INTO `category` VALUES (1413341197421846529, 1, '饮品', 11, '2022-06-07 11:36:15', '2022-06-06 14:39:15', 1, 1);
INSERT INTO `category` VALUES (1413342269393674242, 2, '商务套餐', 10, '2022-06-06 11:40:30', '2022-06-06 18:37:13', 1, 1);
INSERT INTO `category` VALUES (1413384954989060097, 1, '主食', 12, '2022-06-06 14:30:07', '2022-06-06 14:39:19', 1, 1);
INSERT INTO `category` VALUES (1533737704315760641, 1, '日用品', 2, '2022-06-06 17:08:59', '2022-06-07 09:37:25', 1, 1);
INSERT INTO `category` VALUES (1533737794291970049, 1, '果蔬', 3, '2022-06-06 17:09:20', '2022-06-06 18:36:39', 1, 1);
INSERT INTO `category` VALUES (1533738334195376130, 1, '防疫物资', 1, '2022-06-06 17:11:29', '2022-06-06 18:36:20', 1, 1);
INSERT INTO `category` VALUES (1533759806360072193, 1, '肉类', 4, '2022-06-06 18:36:48', '2022-06-06 18:36:48', 1, 1);
INSERT INTO `category` VALUES (1533759842754048002, 1, '水产品', 5, '2022-06-06 18:36:57', '2022-06-06 18:36:57', 1, 1);
INSERT INTO `category` VALUES (1533762248501964802, 1, '其他', 7, '2022-06-06 18:46:31', '2022-06-06 18:46:31', 1, 1);
INSERT INTO `category` VALUES (1533795396749139969, 1, '药品', 1, '2022-06-06 20:58:14', '2022-06-06 20:58:14', 1533650160219619329, 1533650160219619329);
INSERT INTO `category` VALUES (1533824046357893121, 1, '小菜', 8, '2022-06-06 22:52:04', '2022-06-06 22:52:04', 1, 1);
INSERT INTO `category` VALUES (1533990769807650818, 2, '好吃啊', 123123, '2022-06-07 09:54:34', '2022-06-07 09:54:34', 1, 1);

-- ----------------------------
-- Table structure for dish
-- ----------------------------
DROP TABLE IF EXISTS `dish`;
CREATE TABLE `dish`  (
  `id` bigint(0) NOT NULL COMMENT '主键',
  `name` varchar(64) CHARACTER SET utf8 COLLATE utf8_bin NOT NULL COMMENT '菜品名称',
  `category_id` bigint(0) NOT NULL COMMENT '菜品分类id',
  `price` decimal(10, 2) NULL DEFAULT NULL COMMENT '菜品价格',
  `code` varchar(64) CHARACTER SET utf8 COLLATE utf8_bin NOT NULL COMMENT '商品码',
  `image` varchar(200) CHARACTER SET utf8 COLLATE utf8_bin NOT NULL COMMENT '图片',
  `description` varchar(400) CHARACTER SET utf8 COLLATE utf8_bin NULL DEFAULT NULL COMMENT '描述信息',
  `status` int(0) NOT NULL DEFAULT 1 COMMENT '0 停售 1 起售',
  `sort` int(0) NOT NULL DEFAULT 0 COMMENT '顺序',
  `create_time` datetime(0) NOT NULL COMMENT '创建时间',
  `update_time` datetime(0) NOT NULL COMMENT '更新时间',
  `create_user` bigint(0) NOT NULL COMMENT '创建人',
  `update_user` bigint(0) NOT NULL COMMENT '修改人',
  `is_deleted` int(0) NOT NULL DEFAULT 0 COMMENT '是否删除',
  PRIMARY KEY (`id`) USING BTREE,
  UNIQUE INDEX `idx_dish_name`(`name`) USING BTREE
) ENGINE = InnoDB CHARACTER SET = utf8 COLLATE = utf8_bin COMMENT = '菜品管理' ROW_FORMAT = Dynamic;

-- ----------------------------
-- Records of dish
-- ----------------------------
INSERT INTO `dish` VALUES (1413384757047271425, '王老吉', 1413341197421846529, 350.00, '', '78c5fd1e-afe2-4a60-9172-57bceb23464f.png', '不必担心什么尽情享受生活', 1, 0, '2021-07-09 14:29:20', '2022-06-06 20:57:16', 1, 1533650160219619329, 0);
INSERT INTO `dish` VALUES (1413385247889891330, '米饭', 1413384954989060097, 100.00, '', 'f9004e43-9bb6-4560-bb03-116f08449633.jpg', '', 1, 0, '2021-07-09 14:31:17', '2022-06-07 00:22:49', 1, 1, 0);
INSERT INTO `dish` VALUES (1533742449738723330, '防护服', 1533738334195376130, 100000.00, '', 'b8cf1c91-abeb-4c31-9f79-d3cefbf78511.jpg', '全方位360度防护，无死角！防护服，你值得拥有！', 1, 0, '2022-06-06 17:27:50', '2022-06-06 17:27:50', 1, 1, 0);
INSERT INTO `dish` VALUES (1533757021832949761, '口罩', 1533738334195376130, 1000.00, '', '9e9ce391-c579-442a-9ff3-0e831297a7db.jpg', '一包50个，防疫必备！', 1, 0, '2022-06-06 18:25:44', '2022-06-06 18:25:44', 1, 1, 0);
INSERT INTO `dish` VALUES (1533757414696628225, '消毒酒精', 1533738334195376130, 500.00, '', 'd8af8605-ddc6-4b97-bef6-f31aca0bcfff.jpg', '无论是居家还是外出都是必备的，随时对手、身体进行消毒', 1, 0, '2022-06-06 18:27:18', '2022-06-06 18:27:18', 1, 1, 0);
INSERT INTO `dish` VALUES (1533757650030637057, '手套', 1533738334195376130, 500.00, '', '443e17d8-21ad-4fe3-be4e-4f7ae11bb095.jpg', '一包20个，防疫必备物资！', 1, 0, '2022-06-06 18:28:14', '2022-06-06 18:28:14', 1, 1, 0);
INSERT INTO `dish` VALUES (1533791141803892737, '牙刷', 1533737704315760641, 1990.00, '', '0f14941c-d8ff-457a-b4fb-3f92ff3e2dc4.png', '一对', 1, 0, '2022-06-06 20:41:19', '2022-06-06 20:41:19', 1533650160219619329, 1533650160219619329, 0);
INSERT INTO `dish` VALUES (1533791519370944513, '牙杯', 1533737704315760641, 390.00, '', '0ddb0eca-7aac-4d21-b8ee-9822c8e7e3e8.png', '北欧色系,清新素雅;PP材质,美观耐用;杯口打磨光滑无毛刺,使用不伤嘴;作漱口杯、水杯均可,使用随心', 1, 0, '2022-06-06 20:42:49', '2022-06-06 20:42:49', 1533650160219619329, 1533650160219619329, 0);
INSERT INTO `dish` VALUES (1533791654851158018, '香皂', 1533737704315760641, 2390.00, '', '80434c9d-c50a-4da2-b321-cbbb2e8f9a58.png', '有效洗去油脂、细菌、浊质\n以金黄色葡萄球菌为实验菌种的第三方体外实验数据\n产品水溶液含有微米级表面活性剂微结构', 1, 0, '2022-06-06 20:43:22', '2022-06-06 20:43:22', 1533650160219619329, 1533650160219619329, 0);
INSERT INTO `dish` VALUES (1533791777912037378, '洗脸盆', 1533737704315760641, 2080.00, '', '5f355fb0-1b88-4bda-bee6-b7fb4de7e6ea.png', '结实耐用/防滑耐磨/不易破裂\n加厚加高双耳盆', 1, 0, '2022-06-06 20:43:51', '2022-06-06 20:43:51', 1533650160219619329, 1533650160219619329, 0);
INSERT INTO `dish` VALUES (1533791859612884993, '毛巾', 1533737704315760641, 4990.00, '', '08283e3a-55da-47aa-b7f8-0d62f239f8d5.png', '', 1, 0, '2022-06-06 20:44:10', '2022-06-06 20:44:10', 1533650160219619329, 1533650160219619329, 0);
INSERT INTO `dish` VALUES (1533791919075532802, '浴巾', 1533737704315760641, 5990.00, '', 'bf7b7edb-73a3-4dc6-bdba-b19b6c3b0e67.png', '', 1, 0, '2022-06-06 20:44:25', '2022-06-06 20:44:25', 1533650160219619329, 1533650160219619329, 0);
INSERT INTO `dish` VALUES (1533792022603538433, '清扬洗发露', 1533737704315760641, 6990.00, '', '5a13fe60-e707-4af1-9d70-f447bc989150.png', '', 1, 0, '2022-06-06 20:44:49', '2022-06-06 20:44:49', 1533650160219619329, 1533650160219619329, 0);
INSERT INTO `dish` VALUES (1533792114299412481, '拖鞋', 1533737704315760641, 2000.00, '', '0e6fdb03-0f3f-437d-9919-b5c73c2277c0.png', '结实耐用', 1, 0, '2022-06-06 20:45:11', '2022-06-06 20:45:11', 1533650160219619329, 1533650160219619329, 0);
INSERT INTO `dish` VALUES (1533792246818447361, '苹果 ', 1533737794291970049, 2380.00, '', 'ae61f3da-c225-42ef-bad6-76912b5df387.png', '3斤装:拍下23.8元\n满嘴溢汁香甜味十足', 1, 0, '2022-06-06 20:45:43', '2022-06-06 20:45:43', 1533650160219619329, 1533650160219619329, 0);
INSERT INTO `dish` VALUES (1533792328951308290, '香蕉', 1533737794291970049, 1980.00, '', '89fa4c9d-1fe8-450d-b37e-6fba30b17984.png', '19.80/500g\n薄：皮薄易撕\n厚：肉质丰厚\n甜：不甜包赔\n鲜：现摘直发\n', 1, 0, '2022-06-06 20:46:02', '2022-06-06 20:46:02', 1533650160219619329, 1533650160219619329, 0);
INSERT INTO `dish` VALUES (1533792406566903810, '芒果', 1533737794291970049, 1880.00, '', '52f5e6eb-fea0-4c8e-8d61-0ee9a42cf951.png', '18.80/500g', 1, 0, '2022-06-06 20:46:21', '2022-06-06 20:46:21', 1533650160219619329, 1533650160219619329, 0);
INSERT INTO `dish` VALUES (1533792491149238273, '火龙果', 1533737794291970049, 499.00, '', '39ce1974-8846-41a7-9a43-84eeef1f98cf.png', '4.99/500g', 1, 0, '2022-06-06 20:46:41', '2022-06-06 20:46:41', 1533650160219619329, 1533650160219619329, 0);
INSERT INTO `dish` VALUES (1533792666676666370, '杨梅', 1533737794291970049, 1999.00, '', 'bccb752a-5942-45ee-b238-2dd59c0578a3.png', '19.99/500g\n甄选东魁杨梅满口鲜汁\n吃一口满满都是果肉和汁水', 1, 0, '2022-06-06 20:47:23', '2022-06-06 20:47:23', 1533650160219619329, 1533650160219619329, 0);
INSERT INTO `dish` VALUES (1533792784997982210, '大白菜', 1533737794291970049, 399.00, '', '3967ec43-e926-495f-99e6-1da267e62d2a.png', '大白菜新鲜水嫩,吃起来清脆水润,满口清香.', 1, 0, '2022-06-06 20:47:51', '2022-06-06 20:47:51', 1533650160219619329, 1533650160219619329, 0);
INSERT INTO `dish` VALUES (1533793006071357441, '胡萝卜', 1533737794291970049, 355.00, '', 'a5f50d55-179d-4ba3-9821-d7f8d2b81715.png', '现挖现发坏果包赔关注店铺优先发货\n正宗陕西黄河湿地沙地胡萝卜', 1, 0, '2022-06-06 20:48:44', '2022-06-06 20:48:44', 1533650160219619329, 1533650160219619329, 0);
INSERT INTO `dish` VALUES (1533793086505525250, '菠菜', 1533737794291970049, 999.00, '', 'c1f12b6b-5ad5-4822-b169-8df08fcae5dd.png', '9.99/500g', 1, 0, '2022-06-06 20:49:03', '2022-06-06 20:49:03', 1533650160219619329, 1533650160219619329, 0);
INSERT INTO `dish` VALUES (1533793207473446913, '猪瘦肉', 1533759806360072193, 2045.00, '', '8b8c7f13-c34d-44e9-acb4-4c73d96b8fef.png', '20.45/500g', 1, 0, '2022-06-06 20:49:32', '2022-06-06 20:49:32', 1533650160219619329, 1533650160219619329, 0);
INSERT INTO `dish` VALUES (1533793317657812993, '牛肉', 1533759806360072193, 6155.00, '', '94a54906-43cf-41fa-8d46-c44d5b6beb67.png', '61.55/500g', 1, 0, '2022-06-06 20:49:58', '2022-06-06 20:49:58', 1533650160219619329, 1533650160219619329, 0);
INSERT INTO `dish` VALUES (1533793403267751938, '羊肉', 1533759806360072193, 4880.00, '', '711a3e55-38b0-4aae-8497-5549b6c0093a.png', '48.8/500g', 1, 0, '2022-06-06 20:50:19', '2022-06-06 20:50:19', 1533650160219619329, 1533650160219619329, 0);
INSERT INTO `dish` VALUES (1533793529113649153, '鲈鱼', 1533759842754048002, 8400.00, '', '730d9cc2-aacf-4741-a6f2-875ed4f291ff.png', '84.00/500g \n开背鲈鱼 七星三去特大深海鱼新鲜商用半成品', 1, 0, '2022-06-06 20:50:49', '2022-06-06 20:50:49', 1533650160219619329, 1533650160219619329, 0);
INSERT INTO `dish` VALUES (1533793604141359105, '黄花鱼', 1533759842754048002, 6000.00, '', '983f76b4-1046-42c7-a4dd-4dca1bcbcb66.png', '60.00/500g', 1, 0, '2022-06-06 20:51:06', '2022-06-06 20:51:06', 1533650160219619329, 1533650160219619329, 0);
INSERT INTO `dish` VALUES (1533794020157595649, '草鱼 ', 1533759842754048002, 1888.00, '', 'a72fac19-eebd-465f-b058-3d97c5a89ead.png', '18.88/500g', 1, 0, '2022-06-06 20:52:46', '2022-06-06 20:52:46', 1533650160219619329, 1533650160219619329, 0);
INSERT INTO `dish` VALUES (1533794212646789121, '带鱼', 1533759842754048002, 5280.00, '', '7d31f861-c99b-4341-bd5a-990dc6a395c0.png', '52.80/500g', 1, 0, '2022-06-06 20:53:31', '2022-06-06 20:53:31', 1533650160219619329, 1533650160219619329, 0);
INSERT INTO `dish` VALUES (1533794496802496514, '青蟹', 1533759842754048002, 6900.00, '', '5be444ee-24fd-4b12-9b26-f38a97aefe2d.png', '69.00/500g', 1, 0, '2022-06-06 20:54:39', '2022-06-06 20:54:39', 1533650160219619329, 1533650160219619329, 0);
INSERT INTO `dish` VALUES (1533794594705940481, '矿泉水', 1413341197421846529, 100.00, '', '5fac74ce-ae88-4a6c-a719-fef28dc11a01.png', '', 1, 0, '2022-06-06 20:55:03', '2022-06-06 20:55:03', 1533650160219619329, 1533650160219619329, 0);
INSERT INTO `dish` VALUES (1533794667095433218, '红牛', 1413341197421846529, 400.00, '', 'cd60e8c5-a639-427e-a1e1-8ee776ac26f6.png', '助你缓解体力疲劳\n即刻掌控身体节奏,保持好状态。打起精神,红牛挺你!', 1, 0, '2022-06-06 20:55:20', '2022-06-06 20:55:20', 1533650160219619329, 1533650160219619329, 0);
INSERT INTO `dish` VALUES (1533794934146768898, '可乐', 1413341197421846529, 300.00, '', 'dbc64c0c-8b97-4ba5-bf3d-d9bb6299c2da.png', '百事可乐具有独特而不可抗拒的口味\n酷爽又刺激的口感标志性的Fizz气泡声', 1, 0, '2022-06-06 20:56:23', '2022-06-06 20:56:23', 1533650160219619329, 1533650160219619329, 0);
INSERT INTO `dish` VALUES (1533795484556894210, '999止咳颗粒', 1533795396749139969, 1999.00, '', 'fb3d481c-255d-4cfb-930f-58162f1ab013.png', '', 1, 0, '2022-06-06 20:58:35', '2022-06-06 20:58:35', 1533650160219619329, 1533650160219619329, 0);
INSERT INTO `dish` VALUES (1533795619739312129, '连花清瘟胶囊', 1533795396749139969, 1380.00, '', 'a2de5347-fbcc-430b-ac74-c263f9fac68a.png', '', 1, 0, '2022-06-06 20:59:07', '2022-06-06 20:59:07', 1533650160219619329, 1533650160219619329, 0);
INSERT INTO `dish` VALUES (1533795752417730562, '创可贴', 1533795396749139969, 999.00, '', '715c0308-2b27-4015-b3dc-9a193616b81f.png', '9.99/20片', 1, 0, '2022-06-06 20:59:39', '2022-06-06 20:59:39', 1533650160219619329, 1533650160219619329, 0);
INSERT INTO `dish` VALUES (1533795820017328129, '云南白药', 1533795396749139969, 2000.00, '', 'ed7dea03-a614-4a11-936e-9fd735fcc8ba.png', '', 1, 0, '2022-06-06 20:59:55', '2022-06-06 20:59:55', 1533650160219619329, 1533650160219619329, 0);
INSERT INTO `dish` VALUES (1533824745149911041, '拌面', 1413384954989060097, 800.00, '', 'c31c1a30-500b-4c0f-b9ab-560b8f561832.jpg', '非常好吃！', 1, 0, '2022-06-06 22:54:51', '2022-06-06 22:54:51', 1, 1, 0);
INSERT INTO `dish` VALUES (1533826888774799361, '炒茄子', 1533824046357893121, 300.00, '', '728cb88b-b5be-4135-827a-1fd0c8bf25ba.jpg', '', 1, 0, '2022-06-06 23:03:22', '2022-06-06 23:03:22', 1, 1, 0);
INSERT INTO `dish` VALUES (1533826980839772162, '黑椒牛肉', 1533824046357893121, 600.00, '', 'a3c25611-4c96-404f-821a-9e23581c4c2f.jpg', '', 1, 0, '2022-06-06 23:03:44', '2022-06-06 23:03:44', 1, 1, 0);
INSERT INTO `dish` VALUES (1533827033637670914, '咖喱鸡肉', 1533824046357893121, 600.00, '', '6c7d6f37-528c-4541-9960-9efba1d85b7a.jpg', '', 1, 0, '2022-06-06 23:03:57', '2022-06-06 23:03:57', 1, 1, 0);
INSERT INTO `dish` VALUES (1533827148309942273, '空心菜', 1533824046357893121, 200.00, '', 'c84815b2-6d52-481b-9bce-b21211cfeba5.jpg', '', 1, 0, '2022-06-06 23:04:24', '2022-06-06 23:04:24', 1, 1, 0);
INSERT INTO `dish` VALUES (1533827199740497922, '里脊肉', 1533824046357893121, 500.00, '', '77c525a0-a517-4aff-8c97-80ab0b02aa06.jpg', '', 1, 0, '2022-06-06 23:04:36', '2022-06-06 23:04:36', 1, 1, 0);
INSERT INTO `dish` VALUES (1533827274881454082, '农家小炒肉', 1533824046357893121, 600.00, '', '7c0700b5-320c-4d87-85ef-eed7798baac2.jpg', '', 1, 0, '2022-06-06 23:04:54', '2022-06-06 23:04:54', 1, 1, 0);
INSERT INTO `dish` VALUES (1533827380657606658, '排骨汤', 1533824046357893121, 600.00, '', '9b2935ff-b7a3-4af5-8fd0-a5f0ab28c5b6.jpg', '', 1, 0, '2022-06-06 23:05:19', '2022-06-06 23:05:19', 1, 1, 0);
INSERT INTO `dish` VALUES (1533827504494432258, '丸子汤', 1533824046357893121, 500.00, '', 'ce2fa741-0cbb-44e7-8122-8571bc1f1c1b.jpg', '', 1, 0, '2022-06-06 23:05:49', '2022-06-06 23:05:49', 1, 1, 0);
INSERT INTO `dish` VALUES (1533827595296919554, '土豆丝', 1533824046357893121, 200.00, '', 'fa9600b6-d012-4f66-905e-8dce2964228e.jpg', '', 1, 0, '2022-06-06 23:06:11', '2022-06-06 23:06:11', 1, 1, 0);
INSERT INTO `dish` VALUES (1533827690251767810, '西红柿炒蛋', 1533824046357893121, 400.00, '', '87b58cd5-bc9d-4d42-a742-9403a52a749c.jpg', '', 1, 0, '2022-06-06 23:06:33', '2022-06-06 23:06:33', 1, 1, 0);
INSERT INTO `dish` VALUES (1533990147289051137, '222222', 1533795396749139969, 123100.00, '', '5cf8a174-6f48-41cd-afba-4e4bb8773f64.jpg', '123', 1, 0, '2022-06-07 09:52:06', '2022-06-07 09:52:29', 1, 1, 0);

-- ----------------------------
-- Table structure for dish_flavor
-- ----------------------------
DROP TABLE IF EXISTS `dish_flavor`;
CREATE TABLE `dish_flavor`  (
  `id` bigint(0) NOT NULL COMMENT '主键',
  `dish_id` bigint(0) NOT NULL COMMENT '菜品',
  `name` varchar(64) CHARACTER SET utf8 COLLATE utf8_bin NOT NULL COMMENT '口味名称',
  `value` varchar(500) CHARACTER SET utf8 COLLATE utf8_bin NULL DEFAULT NULL COMMENT '口味数据list',
  `create_time` datetime(0) NOT NULL COMMENT '创建时间',
  `update_time` datetime(0) NOT NULL COMMENT '更新时间',
  `create_user` bigint(0) NOT NULL COMMENT '创建人',
  `update_user` bigint(0) NOT NULL COMMENT '修改人',
  `is_deleted` int(0) NOT NULL DEFAULT 0 COMMENT '是否删除',
  PRIMARY KEY (`id`) USING BTREE
) ENGINE = InnoDB CHARACTER SET = utf8 COLLATE = utf8_bin COMMENT = '菜品口味关系表' ROW_FORMAT = Dynamic;

-- ----------------------------
-- Records of dish_flavor
-- ----------------------------
INSERT INTO `dish_flavor` VALUES (1397849417888346113, 1397849417854791681, '辣度', '[\"不辣\",\"微辣\",\"中辣\",\"重辣\"]', '2021-05-27 09:37:27', '2021-05-27 09:37:27', 1, 1, 0);
INSERT INTO `dish_flavor` VALUES (1397849739297861633, 1397849739276890114, '忌口', '[\"不要葱\",\"不要蒜\",\"不要香菜\",\"不要辣\"]', '2021-05-27 09:38:43', '2021-05-27 09:38:43', 1, 1, 0);
INSERT INTO `dish_flavor` VALUES (1397849739323027458, 1397849739276890114, '辣度', '[\"不辣\",\"微辣\",\"中辣\",\"重辣\"]', '2021-05-27 09:38:43', '2021-05-27 09:38:43', 1, 1, 0);
INSERT INTO `dish_flavor` VALUES (1397849936421761025, 1397849936404983809, '忌口', '[\"不要葱\",\"不要蒜\",\"不要香菜\",\"不要辣\"]', '2021-05-27 09:39:30', '2021-05-27 09:39:30', 1, 1, 0);
INSERT INTO `dish_flavor` VALUES (1397849936438538241, 1397849936404983809, '辣度', '[\"不辣\",\"微辣\",\"中辣\",\"重辣\"]', '2021-05-27 09:39:30', '2021-05-27 09:39:30', 1, 1, 0);
INSERT INTO `dish_flavor` VALUES (1397850141015715841, 1397850140982161409, '忌口', '[\"不要葱\",\"不要蒜\",\"不要香菜\",\"不要辣\"]', '2021-05-27 09:40:19', '2021-05-27 09:40:19', 1, 1, 0);
INSERT INTO `dish_flavor` VALUES (1397850141040881665, 1397850140982161409, '辣度', '[\"不辣\",\"微辣\",\"中辣\",\"重辣\"]', '2021-05-27 09:40:19', '2021-05-27 09:40:19', 1, 1, 0);
INSERT INTO `dish_flavor` VALUES (1397850392120307713, 1397850392090947585, '辣度', '[\"不辣\",\"微辣\",\"中辣\",\"重辣\"]', '2021-05-27 09:41:19', '2021-05-27 09:41:19', 1, 1, 0);
INSERT INTO `dish_flavor` VALUES (1397850392137084929, 1397850392090947585, '辣度', '[\"不辣\",\"微辣\",\"中辣\",\"重辣\"]', '2021-05-27 09:41:19', '2021-05-27 09:41:19', 1, 1, 0);
INSERT INTO `dish_flavor` VALUES (1397850630734262274, 1397850630700707841, '忌口', '[\"不要葱\",\"不要蒜\",\"不要香菜\",\"不要辣\"]', '2021-05-27 09:42:16', '2021-05-27 09:42:16', 1, 1, 0);
INSERT INTO `dish_flavor` VALUES (1397850630755233794, 1397850630700707841, '辣度', '[\"微辣\",\"中辣\",\"重辣\"]', '2021-05-27 09:42:16', '2021-05-27 09:42:16', 1, 1, 0);
INSERT INTO `dish_flavor` VALUES (1397850851274960898, 1397850851245600769, '忌口', '[\"不要蒜\",\"不要香菜\",\"不要辣\"]', '2021-05-27 09:43:08', '2021-05-27 09:43:08', 1, 1, 0);
INSERT INTO `dish_flavor` VALUES (1397850851283349505, 1397850851245600769, '辣度', '[\"不辣\",\"微辣\",\"中辣\",\"重辣\"]', '2021-05-27 09:43:08', '2021-05-27 09:43:08', 1, 1, 0);
INSERT INTO `dish_flavor` VALUES (1397851099523231745, 1397851099502260226, '忌口', '[\"不要葱\",\"不要蒜\",\"不要香菜\",\"不要辣\"]', '2021-05-27 09:44:08', '2021-05-27 09:44:08', 1, 1, 0);
INSERT INTO `dish_flavor` VALUES (1397851099527426050, 1397851099502260226, '辣度', '[\"不辣\",\"微辣\",\"中辣\"]', '2021-05-27 09:44:08', '2021-05-27 09:44:08', 1, 1, 0);
INSERT INTO `dish_flavor` VALUES (1397851370483658754, 1397851370462687234, '温度', '[\"热饮\",\"常温\",\"去冰\",\"少冰\",\"多冰\"]', '2021-05-27 09:45:12', '2021-05-27 09:45:12', 1, 1, 0);
INSERT INTO `dish_flavor` VALUES (1397851370483658755, 1397851370462687234, '忌口', '[\"不要葱\",\"不要蒜\",\"不要香菜\",\"不要辣\"]', '2021-05-27 09:45:12', '2021-05-27 09:45:12', 1, 1, 0);
INSERT INTO `dish_flavor` VALUES (1397851370483658756, 1397851370462687234, '辣度', '[\"不辣\",\"微辣\",\"中辣\",\"重辣\"]', '2021-05-27 09:45:12', '2021-05-27 09:45:12', 1, 1, 0);
INSERT INTO `dish_flavor` VALUES (1397851668283437058, 1397851668262465537, '温度', '[\"热饮\",\"常温\",\"去冰\",\"少冰\",\"多冰\"]', '2021-05-27 09:46:23', '2021-05-27 09:46:23', 1, 1, 0);
INSERT INTO `dish_flavor` VALUES (1397852391180120065, 1397852391150759938, '忌口', '[\"不要葱\",\"不要香菜\",\"不要辣\"]', '2021-05-27 09:49:16', '2021-05-27 09:49:16', 1, 1, 0);
INSERT INTO `dish_flavor` VALUES (1397852391196897281, 1397852391150759938, '辣度', '[\"不辣\",\"微辣\",\"重辣\"]', '2021-05-27 09:49:16', '2021-05-27 09:49:16', 1, 1, 0);
INSERT INTO `dish_flavor` VALUES (1397853183307984898, 1397853183287013378, '辣度', '[\"不辣\",\"微辣\",\"中辣\",\"重辣\"]', '2021-05-27 09:52:24', '2021-05-27 09:52:24', 1, 1, 0);
INSERT INTO `dish_flavor` VALUES (1397853423486414850, 1397853423461249026, '辣度', '[\"不辣\",\"微辣\",\"中辣\",\"重辣\"]', '2021-05-27 09:53:22', '2021-05-27 09:53:22', 1, 1, 0);
INSERT INTO `dish_flavor` VALUES (1397853709126905857, 1397853709101740034, '忌口', '[\"不要葱\",\"不要蒜\",\"不要香菜\",\"不要辣\"]', '2021-05-27 09:54:30', '2021-05-27 09:54:30', 1, 1, 0);
INSERT INTO `dish_flavor` VALUES (1397853890283089922, 1397853890262118402, '辣度', '[\"不辣\",\"微辣\",\"中辣\",\"重辣\"]', '2021-05-27 09:55:13', '2021-05-27 09:55:13', 1, 1, 0);
INSERT INTO `dish_flavor` VALUES (1397854133632413697, 1397854133603053569, '温度', '[\"热饮\",\"常温\",\"去冰\",\"少冰\",\"多冰\"]', '2021-05-27 09:56:11', '2021-05-27 09:56:11', 1, 1, 0);
INSERT INTO `dish_flavor` VALUES (1397854652623007745, 1397854652581064706, '忌口', '[\"不要葱\",\"不要蒜\",\"不要香菜\",\"不要辣\"]', '2021-05-27 09:58:15', '2021-05-27 09:58:15', 1, 1, 0);
INSERT INTO `dish_flavor` VALUES (1397854652635590658, 1397854652581064706, '辣度', '[\"不辣\",\"微辣\",\"中辣\",\"重辣\"]', '2021-05-27 09:58:15', '2021-05-27 09:58:15', 1, 1, 0);
INSERT INTO `dish_flavor` VALUES (1397854865735593986, 1397854865672679425, '辣度', '[\"不辣\",\"微辣\",\"中辣\",\"重辣\"]', '2021-05-27 09:59:06', '2021-05-27 09:59:06', 1, 1, 0);
INSERT INTO `dish_flavor` VALUES (1397855742303186946, 1397855742273826817, '辣度', '[\"不辣\",\"微辣\",\"中辣\",\"重辣\"]', '2021-05-27 10:02:35', '2021-05-27 10:02:35', 1, 1, 0);
INSERT INTO `dish_flavor` VALUES (1397855906497605633, 1397855906468245506, '忌口', '[\"不要葱\",\"不要蒜\",\"不要香菜\",\"不要辣\"]', '2021-05-27 10:03:14', '2021-05-27 10:03:14', 1, 1, 0);
INSERT INTO `dish_flavor` VALUES (1397856190573621250, 1397856190540066818, '辣度', '[\"不辣\",\"微辣\",\"中辣\",\"重辣\"]', '2021-05-27 10:04:21', '2021-05-27 10:04:21', 1, 1, 0);
INSERT INTO `dish_flavor` VALUES (1397859056709316609, 1397859056684150785, '辣度', '[\"不辣\",\"微辣\",\"中辣\",\"重辣\"]', '2021-05-27 10:15:45', '2021-05-27 10:15:45', 1, 1, 0);
INSERT INTO `dish_flavor` VALUES (1397859277837217794, 1397859277812051969, '辣度', '[\"不辣\",\"微辣\",\"中辣\",\"重辣\"]', '2021-05-27 10:16:37', '2021-05-27 10:16:37', 1, 1, 0);
INSERT INTO `dish_flavor` VALUES (1397859487502086146, 1397859487476920321, '辣度', '[\"不辣\",\"微辣\",\"中辣\",\"重辣\"]', '2021-05-27 10:17:27', '2021-05-27 10:17:27', 1, 1, 0);
INSERT INTO `dish_flavor` VALUES (1397859757061615618, 1397859757036449794, '甜味', '[\"无糖\",\"少糖\",\"半躺\",\"多糖\",\"全糖\"]', '2021-05-27 10:18:32', '2021-05-27 10:18:32', 1, 1, 0);
INSERT INTO `dish_flavor` VALUES (1397860242086735874, 1397860242057375745, '辣度', '[\"不辣\",\"微辣\",\"中辣\",\"重辣\"]', '2021-05-27 10:20:27', '2021-05-27 10:20:27', 1, 1, 0);
INSERT INTO `dish_flavor` VALUES (1397860963918065665, 1397860963880316929, '辣度', '[\"不辣\",\"微辣\",\"中辣\",\"重辣\"]', '2021-05-27 10:23:19', '2021-05-27 10:23:19', 1, 1, 0);
INSERT INTO `dish_flavor` VALUES (1397861135754506242, 1397861135733534722, '甜味', '[\"无糖\",\"少糖\",\"半躺\",\"多糖\",\"全糖\"]', '2021-05-27 10:24:00', '2021-05-27 10:24:00', 1, 1, 0);
INSERT INTO `dish_flavor` VALUES (1397861370035744769, 1397861370010578945, '辣度', '[\"不辣\",\"微辣\",\"中辣\",\"重辣\"]', '2021-05-27 10:24:56', '2021-05-27 10:24:56', 1, 1, 0);
INSERT INTO `dish_flavor` VALUES (1397861683459305474, 1397861683434139649, '忌口', '[\"不要葱\",\"不要蒜\",\"不要香菜\",\"不要辣\"]', '2021-05-27 10:26:11', '2021-05-27 10:26:11', 1, 1, 0);
INSERT INTO `dish_flavor` VALUES (1397861898467717121, 1397861898438356993, '忌口', '[\"不要葱\",\"不要蒜\",\"不要香菜\",\"不要辣\"]', '2021-05-27 10:27:02', '2021-05-27 10:27:02', 1, 1, 0);
INSERT INTO `dish_flavor` VALUES (1397862198054268929, 1397862198033297410, '忌口', '[\"不要葱\",\"不要蒜\",\"不要香菜\",\"不要辣\"]', '2021-05-27 10:28:14', '2021-05-27 10:28:14', 1, 1, 0);
INSERT INTO `dish_flavor` VALUES (1397862477835317250, 1397862477831122945, '辣度', '[\"不辣\",\"微辣\",\"中辣\"]', '2021-05-27 10:29:20', '2021-05-27 10:29:20', 1, 1, 0);
INSERT INTO `dish_flavor` VALUES (1398089545865015297, 1398089545676271617, '温度', '[\"热饮\",\"常温\",\"去冰\",\"少冰\",\"多冰\"]', '2021-05-28 01:31:38', '2021-05-28 01:31:38', 1, 1, 0);
INSERT INTO `dish_flavor` VALUES (1398089782323097601, 1398089782285348866, '辣度', '[\"不辣\",\"微辣\",\"中辣\",\"重辣\"]', '2021-05-28 01:32:34', '2021-05-28 01:32:34', 1, 1, 0);
INSERT INTO `dish_flavor` VALUES (1398090003262255106, 1398090003228700673, '忌口', '[\"不要葱\",\"不要蒜\",\"不要香菜\",\"不要辣\"]', '2021-05-28 01:33:27', '2021-05-28 01:33:27', 1, 1, 0);
INSERT INTO `dish_flavor` VALUES (1398090264554811394, 1398090264517062657, '忌口', '[\"不要葱\",\"不要蒜\",\"不要香菜\",\"不要辣\"]', '2021-05-28 01:34:29', '2021-05-28 01:34:29', 1, 1, 0);
INSERT INTO `dish_flavor` VALUES (1398090455399837698, 1398090455324340225, '辣度', '[\"不辣\",\"微辣\",\"中辣\",\"重辣\"]', '2021-05-28 01:35:14', '2021-05-28 01:35:14', 1, 1, 0);
INSERT INTO `dish_flavor` VALUES (1398090685449023490, 1398090685419663362, '温度', '[\"热饮\",\"常温\",\"去冰\",\"少冰\",\"多冰\"]', '2021-05-28 01:36:09', '2021-05-28 01:36:09', 1, 1, 0);
INSERT INTO `dish_flavor` VALUES (1398090825358422017, 1398090825329061889, '忌口', '[\"不要葱\",\"不要蒜\",\"不要香菜\",\"不要辣\"]', '2021-05-28 01:36:43', '2021-05-28 01:36:43', 1, 1, 0);
INSERT INTO `dish_flavor` VALUES (1398091007051476993, 1398091007017922561, '辣度', '[\"不辣\",\"微辣\",\"中辣\",\"重辣\"]', '2021-05-28 01:37:26', '2021-05-28 01:37:26', 1, 1, 0);
INSERT INTO `dish_flavor` VALUES (1398091296164851713, 1398091296131297281, '辣度', '[\"不辣\",\"微辣\",\"中辣\",\"重辣\"]', '2021-05-28 01:38:35', '2021-05-28 01:38:35', 1, 1, 0);
INSERT INTO `dish_flavor` VALUES (1398091546531246081, 1398091546480914433, '忌口', '[\"不要葱\",\"不要蒜\",\"不要香菜\",\"不要辣\"]', '2021-05-28 01:39:35', '2021-05-28 01:39:35', 1, 1, 0);
INSERT INTO `dish_flavor` VALUES (1398091729809747969, 1398091729788776450, '辣度', '[\"不辣\",\"微辣\",\"中辣\",\"重辣\"]', '2021-05-28 01:40:18', '2021-05-28 01:40:18', 1, 1, 0);
INSERT INTO `dish_flavor` VALUES (1398091889499484161, 1398091889449152513, '辣度', '[\"不辣\",\"微辣\",\"中辣\",\"重辣\"]', '2021-05-28 01:40:56', '2021-05-28 01:40:56', 1, 1, 0);
INSERT INTO `dish_flavor` VALUES (1398092095179763713, 1398092095142014978, '辣度', '[\"不辣\",\"微辣\",\"中辣\",\"重辣\"]', '2021-05-28 01:41:45', '2021-05-28 01:41:45', 1, 1, 0);
INSERT INTO `dish_flavor` VALUES (1398092283877306370, 1398092283847946241, '辣度', '[\"不辣\",\"微辣\",\"中辣\",\"重辣\"]', '2021-05-28 01:42:30', '2021-05-28 01:42:30', 1, 1, 0);
INSERT INTO `dish_flavor` VALUES (1398094018939236354, 1398094018893099009, '辣度', '[\"不辣\",\"微辣\",\"中辣\",\"重辣\"]', '2021-05-28 01:49:24', '2021-05-28 01:49:24', 1, 1, 0);
INSERT INTO `dish_flavor` VALUES (1398094391494094850, 1398094391456346113, '辣度', '[\"不辣\",\"微辣\",\"中辣\",\"重辣\"]', '2021-05-28 01:50:53', '2021-05-28 01:50:53', 1, 1, 0);
INSERT INTO `dish_flavor` VALUES (1399574026165727233, 1399305325713600514, '辣度', '[\"不辣\",\"微辣\",\"中辣\",\"重辣\"]', '2021-06-01 03:50:25', '2021-06-01 03:50:25', 1399309715396669441, 1399309715396669441, 0);
INSERT INTO `dish_flavor` VALUES (1413389540592263169, 1413384757047271425, '温度', '[\"常温\",\"冷藏\"]', '2022-06-06 20:57:16', '2022-06-06 20:57:16', 1533650160219619329, 1533650160219619329, 0);
INSERT INTO `dish_flavor` VALUES (1413389684020682754, 1413342036832100354, '温度', '[\"常温\",\"冷藏\"]', '2021-07-09 15:12:18', '2021-07-09 15:12:18', 1, 1, 0);

-- ----------------------------
-- Table structure for employee
-- ----------------------------
DROP TABLE IF EXISTS `employee`;
CREATE TABLE `employee`  (
  `id` bigint(0) NOT NULL COMMENT '主键',
  `name` varchar(32) CHARACTER SET utf8 COLLATE utf8_bin NOT NULL COMMENT '姓名',
  `username` varchar(32) CHARACTER SET utf8 COLLATE utf8_bin NOT NULL COMMENT '用户名',
  `password` varchar(64) CHARACTER SET utf8 COLLATE utf8_bin NOT NULL COMMENT '密码',
  `phone` varchar(11) CHARACTER SET utf8 COLLATE utf8_bin NOT NULL COMMENT '手机号',
  `sex` varchar(2) CHARACTER SET utf8 COLLATE utf8_bin NOT NULL COMMENT '性别',
  `id_number` varchar(18) CHARACTER SET utf8 COLLATE utf8_bin NOT NULL COMMENT '身份证号',
  `status` int(0) NOT NULL DEFAULT 1 COMMENT '状态 0:禁用，1:正常',
  `create_time` datetime(0) NOT NULL COMMENT '创建时间',
  `update_time` datetime(0) NOT NULL COMMENT '更新时间',
  `create_user` bigint(0) NOT NULL COMMENT '创建人',
  `update_user` bigint(0) NOT NULL COMMENT '修改人',
  PRIMARY KEY (`id`) USING BTREE,
  UNIQUE INDEX `idx_username`(`username`) USING BTREE
) ENGINE = InnoDB CHARACTER SET = utf8 COLLATE = utf8_bin COMMENT = '员工信息' ROW_FORMAT = Dynamic;

-- ----------------------------
-- Records of employee
-- ----------------------------
INSERT INTO `employee` VALUES (1, '黄佳鑫', 'admin', 'admin123', '13812312312', '1', '110101199001010048', 1, '2022-05-29 17:20:07', '2022-06-06 02:24:09', 1, 1);
INSERT INTO `employee` VALUES (2, '张三', '123456', '123456', '15080100567', '1', '350583199910093135', 1, '2022-05-10 17:27:30', '2022-06-07 10:02:51', 1, 1);
INSERT INTO `employee` VALUES (3, '帐四', '150246', '123456', '15080155156', '1', '350583666612051', 1, '2022-05-10 17:30:32', '2022-05-10 17:30:32', 1, 1);
INSERT INTO `employee` VALUES (4, '帐四', '150246123', '123456', '15080155156', '1', '350583666612051', 1, '2022-05-10 17:34:29', '2022-05-10 17:34:29', 1, 1);
INSERT INTO `employee` VALUES (5, '账五', 'zhangsan', '123456', '15080100457', '1', '350583199910093131', 1, '2022-05-10 18:49:35', '2022-05-10 18:49:35', 1, 1);

-- ----------------------------
-- Table structure for order_detail
-- ----------------------------
DROP TABLE IF EXISTS `order_detail`;
CREATE TABLE `order_detail`  (
  `id` bigint(0) NOT NULL COMMENT '主键',
  `name` varchar(50) CHARACTER SET utf8 COLLATE utf8_bin NULL DEFAULT NULL COMMENT '名字',
  `image` varchar(100) CHARACTER SET utf8 COLLATE utf8_bin NULL DEFAULT NULL COMMENT '图片',
  `order_id` bigint(0) NOT NULL COMMENT '订单id',
  `dish_id` bigint(0) NULL DEFAULT NULL COMMENT '菜品id',
  `setmeal_id` bigint(0) NULL DEFAULT NULL COMMENT '套餐id',
  `dish_flavor` varchar(50) CHARACTER SET utf8 COLLATE utf8_bin NULL DEFAULT NULL COMMENT '口味',
  `number` int(0) NOT NULL DEFAULT 1 COMMENT '数量',
  `amount` decimal(10, 2) NOT NULL COMMENT '金额',
  PRIMARY KEY (`id`) USING BTREE
) ENGINE = InnoDB CHARACTER SET = utf8 COLLATE = utf8_bin COMMENT = '订单明细表' ROW_FORMAT = Dynamic;

-- ----------------------------
-- Records of order_detail
-- ----------------------------
INSERT INTO `order_detail` VALUES (1533650322509824002, '北冰洋', 'c99e0aab-3cb7-4eaa-80fd-f47d4ffea694.png', 1533650322442715138, 1413342036832100354, NULL, '冷藏', 1, 5.00);
INSERT INTO `order_detail` VALUES (1533650322509824003, '王老吉', '00874a5e-0df2-446b-8f69-a30eb7d88ee8.png', 1533650322442715138, 1413384757047271425, NULL, '常温', 1, 5.00);
INSERT INTO `order_detail` VALUES (1533650322509824004, '老板豪华套餐', '5c7137f0-16ea-4ba6-b379-b3ad5d08fd14.png', 1533650322442715138, NULL, 1533636683874803713, NULL, 1, 98.00);
INSERT INTO `order_detail` VALUES (1533712760605306882, '儿童套餐A计划', '61d20592-b37f-4d72-a864-07ad5bb8f3bb.jpg', 1533712760605306881, NULL, 1415580119015145474, NULL, 1, 40.00);
INSERT INTO `order_detail` VALUES (1533712760605306883, '老板豪华套餐', '5c7137f0-16ea-4ba6-b379-b3ad5d08fd14.png', 1533712760605306881, NULL, 1533636683874803713, NULL, 1, 98.00);
INSERT INTO `order_detail` VALUES (1533712760605306884, '上汤焗龙虾', '5b8d2da3-3744-4bb3-acdc-329056b8259d.jpeg', 1533712760605306881, 1397862477831122945, NULL, '中辣', 1, 1088.00);
INSERT INTO `order_detail` VALUES (1533713237472505858, '邵阳猪血丸子', '2a50628e-7758-4c51-9fbb-d37c61cdacad.jpg', 1533713237472505857, 1397851370462687234, NULL, '去冰,不要蒜,中辣', 1, 138.00);
INSERT INTO `order_detail` VALUES (1533713237472505859, '口味蛇', '0f4bd884-dc9c-4cf9-b59e-7d5958fec3dd.jpg', 1533713237472505857, 1397851668262465537, NULL, '去冰', 2, 168.00);
INSERT INTO `order_detail` VALUES (1533713237472505860, '全家福', 'a53a4e6a-3b83-4044-87f9-9d49b30a8fdc.jpg', 1533713237472505857, 1397851099502260226, NULL, '不要蒜,中辣', 1, 118.00);
INSERT INTO `order_detail` VALUES (1533713237472505861, '鱼香炒鸡蛋', '0f252364-a561-4e8d-8065-9a6797a6b1d3.jpg', 1533713237472505857, 1397854865672679425, NULL, '中辣', 40, 20.00);
INSERT INTO `order_detail` VALUES (1533713333111025665, '口味蛇', '0f4bd884-dc9c-4cf9-b59e-7d5958fec3dd.jpg', 1533713333043916801, 1397851668262465537, NULL, '少冰', 1, 168.00);
INSERT INTO `order_detail` VALUES (1533713333111025666, '邵阳猪血丸子', '2a50628e-7758-4c51-9fbb-d37c61cdacad.jpg', 1533713333043916801, 1397851370462687234, NULL, '去冰,不要蒜,中辣', 1, 138.00);
INSERT INTO `order_detail` VALUES (1533719429498359811, '儿童套餐A计划', '61d20592-b37f-4d72-a864-07ad5bb8f3bb.jpg', 1533719429498359810, NULL, 1415580119015145474, NULL, 10, 40.00);
INSERT INTO `order_detail` VALUES (1533721442869137411, '老板豪华套餐', '5c7137f0-16ea-4ba6-b379-b3ad5d08fd14.png', 1533721442869137410, NULL, 1533636683874803713, NULL, 10, 98.00);
INSERT INTO `order_detail` VALUES (1533764954134192131, '手套', '443e17d8-21ad-4fe3-be4e-4f7ae11bb095.jpg', 1533764954134192130, 1533757650030637057, NULL, NULL, 1, 5.00);
INSERT INTO `order_detail` VALUES (1533765439947841537, '消毒酒精', 'd8af8605-ddc6-4b97-bef6-f31aca0bcfff.jpg', 1533765439880732674, 1533757414696628225, NULL, NULL, 2, 5.00);
INSERT INTO `order_detail` VALUES (1533765439947841538, '手套', '443e17d8-21ad-4fe3-be4e-4f7ae11bb095.jpg', 1533765439880732674, 1533757650030637057, NULL, NULL, 2, 5.00);
INSERT INTO `order_detail` VALUES (1533767237387460611, '手套', '443e17d8-21ad-4fe3-be4e-4f7ae11bb095.jpg', 1533767237387460610, 1533757650030637057, NULL, NULL, 6, 5.00);
INSERT INTO `order_detail` VALUES (1533774575527866370, '麻辣水煮鱼', '1fdbfbf3-1d86-4b29-a3fc-46345852f2f8.jpg', 1533774575460757505, 1397854652581064706, NULL, '不要蒜,中辣', 1, 148.00);
INSERT INTO `order_detail` VALUES (1533775050557960193, '消毒酒精', 'd8af8605-ddc6-4b97-bef6-f31aca0bcfff.jpg', 1533775050490851330, 1533757414696628225, NULL, NULL, 1, 5.00);
INSERT INTO `order_detail` VALUES (1533775050557960194, '手套', '443e17d8-21ad-4fe3-be4e-4f7ae11bb095.jpg', 1533775050490851330, 1533757650030637057, NULL, NULL, 1, 5.00);
INSERT INTO `order_detail` VALUES (1533776193593880577, '手套', '443e17d8-21ad-4fe3-be4e-4f7ae11bb095.jpg', 1533776193526771713, 1533757650030637057, NULL, NULL, 2, 5.00);
INSERT INTO `order_detail` VALUES (1533776499559968771, '上汤焗龙虾', '5b8d2da3-3744-4bb3-acdc-329056b8259d.jpeg', 1533776499559968770, 1397862477831122945, NULL, '中辣', 1, 1088.00);
INSERT INTO `order_detail` VALUES (1533786303263272962, '手套', '443e17d8-21ad-4fe3-be4e-4f7ae11bb095.jpg', 1533786303263272961, 1533757650030637057, NULL, NULL, 5, 5.00);
INSERT INTO `order_detail` VALUES (1533796497632305154, '防护服', 'b8cf1c91-abeb-4c31-9f79-d3cefbf78511.jpg', 1533796497569390593, 1533742449738723330, NULL, NULL, 19, 1000.00);
INSERT INTO `order_detail` VALUES (1533811928212480002, '手套', '443e17d8-21ad-4fe3-be4e-4f7ae11bb095.jpg', 1533811928212480001, 1533757650030637057, NULL, NULL, 1, 5.00);
INSERT INTO `order_detail` VALUES (1533811928212480003, '消毒酒精', 'd8af8605-ddc6-4b97-bef6-f31aca0bcfff.jpg', 1533811928212480001, 1533757414696628225, NULL, NULL, 2, 5.00);
INSERT INTO `order_detail` VALUES (1533811928212480004, '口罩', '9e9ce391-c579-442a-9ff3-0e831297a7db.jpg', 1533811928212480001, 1533757021832949761, NULL, NULL, 2, 10.00);
INSERT INTO `order_detail` VALUES (1533811928212480005, '创可贴', '715c0308-2b27-4015-b3dc-9a193616b81f.png', 1533811928212480001, 1533795752417730562, NULL, NULL, 1, 9.99);
INSERT INTO `order_detail` VALUES (1533811928212480006, '连花清瘟胶囊', 'a2de5347-fbcc-430b-ac74-c263f9fac68a.png', 1533811928212480001, 1533795619739312129, NULL, NULL, 1, 13.80);
INSERT INTO `order_detail` VALUES (1533830199250866178, '丸子汤', 'ce2fa741-0cbb-44e7-8122-8571bc1f1c1b.jpg', 1533830199250866177, 1533827504494432258, NULL, NULL, 1, 5.00);
INSERT INTO `order_detail` VALUES (1533830199250866179, '西红柿炒蛋', '87b58cd5-bc9d-4d42-a742-9403a52a749c.jpg', 1533830199250866177, 1533827690251767810, NULL, NULL, 1, 4.00);
INSERT INTO `order_detail` VALUES (1533830199250866180, '农家小炒肉', '7c0700b5-320c-4d87-85ef-eed7798baac2.jpg', 1533830199250866177, 1533827274881454082, NULL, NULL, 1, 6.00);
INSERT INTO `order_detail` VALUES (1533830199250866181, '米饭', 'f9004e43-9bb6-4560-bb03-116f08449633.jpg', 1533830199250866177, 1413385247889891330, NULL, NULL, 2, 2.00);
INSERT INTO `order_detail` VALUES (1533830199250866182, '拌面', 'c31c1a30-500b-4c0f-b9ab-560b8f561832.jpg', 1533830199250866177, 1533824745149911041, NULL, NULL, 1, 8.00);
INSERT INTO `order_detail` VALUES (1533831589188681729, '矿泉水', '5fac74ce-ae88-4a6c-a719-fef28dc11a01.png', 1533831589054464001, 1533794594705940481, NULL, NULL, 22, 1.00);
INSERT INTO `order_detail` VALUES (1533834332687118338, '连花清瘟胶囊', 'a2de5347-fbcc-430b-ac74-c263f9fac68a.png', 1533834332687118337, 1533795619739312129, NULL, NULL, 1, 13.80);
INSERT INTO `order_detail` VALUES (1533834332687118339, '创可贴', '715c0308-2b27-4015-b3dc-9a193616b81f.png', 1533834332687118337, 1533795752417730562, NULL, NULL, 1, 9.99);
INSERT INTO `order_detail` VALUES (1533834332687118340, '云南白药', 'ed7dea03-a614-4a11-936e-9fd735fcc8ba.png', 1533834332687118337, 1533795820017328129, NULL, NULL, 1, 20.00);
INSERT INTO `order_detail` VALUES (1533834702519873537, '999止咳颗粒', 'fb3d481c-255d-4cfb-930f-58162f1ab013.png', 1533834702456958977, 1533795484556894210, NULL, NULL, 1, 19.99);
INSERT INTO `order_detail` VALUES (1533834702519873538, '连花清瘟胶囊', 'a2de5347-fbcc-430b-ac74-c263f9fac68a.png', 1533834702456958977, 1533795619739312129, NULL, NULL, 1, 13.80);
INSERT INTO `order_detail` VALUES (1533834906107195395, '云南白药', 'ed7dea03-a614-4a11-936e-9fd735fcc8ba.png', 1533834906107195394, 1533795820017328129, NULL, NULL, 3, 20.00);
INSERT INTO `order_detail` VALUES (1533835306856165379, '拌面', 'c31c1a30-500b-4c0f-b9ab-560b8f561832.jpg', 1533835306856165378, 1533824745149911041, NULL, NULL, 8, 8.00);
INSERT INTO `order_detail` VALUES (1533992354843508738, '手套', '443e17d8-21ad-4fe3-be4e-4f7ae11bb095.jpg', 1533992354843508737, 1533757650030637057, NULL, NULL, 3, 5.00);
INSERT INTO `order_detail` VALUES (1533992354906423298, '消毒酒精', 'd8af8605-ddc6-4b97-bef6-f31aca0bcfff.jpg', 1533992354843508737, 1533757414696628225, NULL, NULL, 2, 5.00);
INSERT INTO `order_detail` VALUES (1533994434945671170, '拌面', 'c31c1a30-500b-4c0f-b9ab-560b8f561832.jpg', 1533994434882756610, 1533824745149911041, NULL, NULL, 2, 8.00);
INSERT INTO `order_detail` VALUES (1533994434945671171, '米饭', 'f9004e43-9bb6-4560-bb03-116f08449633.jpg', 1533994434882756610, 1413385247889891330, NULL, NULL, 2, 1.00);
INSERT INTO `order_detail` VALUES (1533994490302095361, '云南白药', 'ed7dea03-a614-4a11-936e-9fd735fcc8ba.png', 1533994490239180802, 1533795820017328129, NULL, NULL, 4, 20.00);
INSERT INTO `order_detail` VALUES (1533994490302095362, '222222', '5cf8a174-6f48-41cd-afba-4e4bb8773f64.jpg', 1533994490239180802, 1533990147289051137, NULL, NULL, 1, 1231.00);
INSERT INTO `order_detail` VALUES (1533994490302095363, '123123', 'be21a770-91e5-415d-aac1-991dff8198d5.jpg', 1533994490239180802, 1533990078221447170, NULL, NULL, 1, 123.00);
INSERT INTO `order_detail` VALUES (1533994490302095364, '创可贴', '715c0308-2b27-4015-b3dc-9a193616b81f.png', 1533994490239180802, 1533795752417730562, NULL, NULL, 3, 9.99);

-- ----------------------------
-- Table structure for orders
-- ----------------------------
DROP TABLE IF EXISTS `orders`;
CREATE TABLE `orders`  (
  `id` bigint(0) NOT NULL COMMENT '主键',
  `number` varchar(50) CHARACTER SET utf8 COLLATE utf8_bin NULL DEFAULT NULL COMMENT '订单号',
  `status` int(0) NOT NULL DEFAULT 1 COMMENT '订单状态 1待付款，2待派送，3已派送，4已完成，5已取消',
  `user_id` bigint(0) NOT NULL COMMENT '下单用户',
  `address_book_id` bigint(0) NOT NULL COMMENT '地址id',
  `order_time` datetime(0) NOT NULL COMMENT '下单时间',
  `checkout_time` datetime(0) NOT NULL COMMENT '结账时间',
  `pay_method` int(0) NOT NULL DEFAULT 1 COMMENT '支付方式 1微信,2支付宝',
  `amount` decimal(10, 2) NOT NULL COMMENT '实收金额',
  `remark` varchar(100) CHARACTER SET utf8 COLLATE utf8_bin NULL DEFAULT NULL COMMENT '备注',
  `phone` varchar(255) CHARACTER SET utf8 COLLATE utf8_bin NULL DEFAULT NULL,
  `address` varchar(255) CHARACTER SET utf8 COLLATE utf8_bin NULL DEFAULT NULL,
  `user_name` varchar(255) CHARACTER SET utf8 COLLATE utf8_bin NULL DEFAULT NULL,
  `consignee` varchar(255) CHARACTER SET utf8 COLLATE utf8_bin NULL DEFAULT NULL,
  PRIMARY KEY (`id`) USING BTREE
) ENGINE = InnoDB CHARACTER SET = utf8 COLLATE = utf8_bin COMMENT = '订单表' ROW_FORMAT = Dynamic;

-- ----------------------------
-- Records of orders
-- ----------------------------
INSERT INTO `orders` VALUES (1533650322442715138, '1533650322442715138', 4, 1533650160219619329, 1533650287722266625, '2022-06-06 11:21:45', '2022-06-06 11:21:45', 1, 108.00, '', '15080100569', '莆田学院', '小李', '黄佳鑫');
INSERT INTO `orders` VALUES (1533712760605306881, '1533712760605306881', 4, 1533650160219619329, 1533650287722266625, '2022-06-06 15:29:52', '2022-06-06 15:29:52', 1, 1226.00, '', '15080100569', '莆田学院', '测试用', '黄佳鑫');
INSERT INTO `orders` VALUES (1533713237472505857, '1533713237472505857', 2, 1, 1533620804554432513, '2022-06-06 15:31:45', '2022-06-06 15:31:45', 1, 1392.00, '', '15080100569', '福建省莆田市城厢区莆田学院中区', '测试用', '黄佳鑫');
INSERT INTO `orders` VALUES (1533713333043916801, '1533713333043916801', 4, 1, 1533620804554432513, '2022-06-06 15:32:08', '2022-06-06 15:32:08', 1, 306.00, '', '15080100569', '福建省莆田市城厢区莆田学院中区', '测试用', '黄佳鑫');
INSERT INTO `orders` VALUES (1533719429498359810, '1533719429498359810', 2, 1533650160219619329, 1533650287722266625, '2022-06-06 15:56:22', '2022-06-06 15:56:22', 1, 400.00, '', '15080100569', '莆田学院', '测试用', '黄佳鑫');
INSERT INTO `orders` VALUES (1533721442869137410, '1533721442869137410', 4, 1, 1533707105479737345, '2022-06-06 16:04:22', '2022-06-06 16:04:22', 1, 980.00, '要辣的', '13506964590', '莆田学院北区', '测试用', '小李子');
INSERT INTO `orders` VALUES (1533764954134192130, '1533764954134192130', 2, 1, 1533707105479737345, '2022-06-06 18:57:16', '2022-06-06 18:57:16', 1, 5.00, '', '13506964590', '莆田学院北区', '测试用', '小李子');
INSERT INTO `orders` VALUES (1533765439880732674, '1533765439880732674', 2, 1533764910425350146, 1533765374139211777, '2022-06-06 18:59:12', '2022-06-06 18:59:12', 1, 20.00, '', '13506964590', '莆田学院', '测试用', '黄佳鑫');
INSERT INTO `orders` VALUES (1533767237387460610, '1533767237387460610', 2, 1533764910425350146, 1533765374139211777, '2022-06-06 19:06:20', '2022-06-06 19:06:20', 1, 30.00, '', '13506964590', '莆田学院', '测试用', '黄佳鑫');
INSERT INTO `orders` VALUES (1533774575460757505, '1533774575460757505', 2, 1533650160219619329, 1533650287722266625, '2022-06-06 19:35:30', '2022-06-06 19:35:30', 1, 148.00, '', '15080100569', '莆田学院', '测试用', '黄佳鑫');
INSERT INTO `orders` VALUES (1533775050490851330, '1533775050490851330', 2, 1533650160219619329, 1533650287722266625, '2022-06-06 19:37:23', '2022-06-06 19:37:23', 1, 10.00, '', '15080100569', '莆田学院', '测试用', '黄佳鑫');
INSERT INTO `orders` VALUES (1533776193526771713, '1533776193526771713', 2, 1533650160219619329, 1533650287722266625, '2022-06-06 19:41:55', '2022-06-06 19:41:55', 1, 10.00, '', '15080100569', '莆田学院', '测试用', '黄佳鑫');
INSERT INTO `orders` VALUES (1533776499559968770, '1533776499559968770', 2, 1533650160219619329, 1533650287722266625, '2022-06-06 19:43:08', '2022-06-06 19:43:08', 1, 1088.00, '', '15080100569', '莆田学院', '测试用', '黄佳鑫');
INSERT INTO `orders` VALUES (1533786303263272961, '1533786303263272961', 4, 1, 1533707105479737345, '2022-06-06 20:22:06', '2022-06-06 20:22:06', 1, 25.00, '', '13506964590', '莆田学院北区', '测试用', '小李子');
INSERT INTO `orders` VALUES (1533796497569390593, '1533796497569390593', 4, 1533650160219619329, 1533650287722266625, '2022-06-06 21:02:36', '2022-06-06 21:02:36', 1, 19000.00, '', '15080100569', '莆田学院', '测试用', '黄佳鑫');
INSERT INTO `orders` VALUES (1533811928212480001, '1533811928212480001', 4, 1, 1533707105479737345, '2022-06-06 22:03:55', '2022-06-06 22:03:55', 1, 57.00, '', '13506964590', '莆田学院北区', '测试用', '小李子');
INSERT INTO `orders` VALUES (1533830199250866177, '1533830199250866177', 4, 1, 1533707105479737345, '2022-06-06 23:16:31', '2022-06-06 23:16:31', 1, 27.00, '', '13506964590', '莆田学院北区', '测试用', '小李子');
INSERT INTO `orders` VALUES (1533831589054464001, '1533831589054464001', 4, 1533650160219619329, 1533650287722266625, '2022-06-06 23:22:03', '2022-06-06 23:22:03', 1, 22.00, '', '15080100569', '莆田学院', '15080100569', '黄佳鑫');
INSERT INTO `orders` VALUES (1533834332687118337, '1533834332687118337', 4, 1, 1533707105479737345, '2022-06-06 23:32:57', '2022-06-06 23:32:57', 1, 42.00, '', '13506964590', '莆田学院北区', '用户', '小李子');
INSERT INTO `orders` VALUES (1533834702456958977, '1533834702456958977', 4, 1, 1533707105479737345, '2022-06-06 23:34:25', '2022-06-06 23:34:25', 1, 32.00, '', '13506964590', '莆田学院北区', '用户', '小李子');
INSERT INTO `orders` VALUES (1533834906107195394, '1533834906107195394', 4, 1, 1533707105479737345, '2022-06-06 23:35:14', '2022-06-06 23:35:14', 1, 60.00, '', '13506964590', '莆田学院北区', '用户', '小李子');
INSERT INTO `orders` VALUES (1533835306856165378, '1533835306856165378', 4, 1, 1533835242196774913, '2022-06-06 23:36:49', '2022-06-06 23:36:49', 1, 64.00, '', '18065555360', '泉州动车站', '用户', '小陈啊');
INSERT INTO `orders` VALUES (1533992354843508737, '1533992354843508737', 4, 1, 1533620804554432513, '2022-06-07 10:00:52', '2022-06-07 10:00:52', 1, 25.00, '', '15080100569', '福建省莆田市城厢区莆田学院中区', '用户', '黄佳鑫');
INSERT INTO `orders` VALUES (1533994434882756610, '1533994434882756610', 2, 1, 1533620804554432513, '2022-06-07 10:09:08', '2022-06-07 10:09:08', 1, 18.00, '', '15080100569', '福建省莆田市城厢区莆田学院中区', '黄佳鑫', '黄佳鑫');
INSERT INTO `orders` VALUES (1533994490239180802, '1533994490239180802', 2, 1, 1533620804554432513, '2022-06-07 10:09:21', '2022-06-07 10:09:21', 1, 1463.00, '', '15080100569', '福建省莆田市城厢区莆田学院中区', '黄佳鑫', '黄佳鑫');

-- ----------------------------
-- Table structure for setmeal
-- ----------------------------
DROP TABLE IF EXISTS `setmeal`;
CREATE TABLE `setmeal`  (
  `id` bigint(0) NOT NULL COMMENT '主键',
  `category_id` bigint(0) NOT NULL COMMENT '菜品分类id',
  `name` varchar(64) CHARACTER SET utf8 COLLATE utf8_bin NOT NULL COMMENT '套餐名称',
  `price` decimal(10, 2) NOT NULL COMMENT '套餐价格',
  `status` int(0) NULL DEFAULT NULL COMMENT '状态 0:停用 1:启用',
  `code` varchar(32) CHARACTER SET utf8 COLLATE utf8_bin NULL DEFAULT NULL COMMENT '编码',
  `description` varchar(512) CHARACTER SET utf8 COLLATE utf8_bin NULL DEFAULT NULL COMMENT '描述信息',
  `image` varchar(255) CHARACTER SET utf8 COLLATE utf8_bin NULL DEFAULT NULL COMMENT '图片',
  `create_time` datetime(0) NOT NULL COMMENT '创建时间',
  `update_time` datetime(0) NOT NULL COMMENT '更新时间',
  `create_user` bigint(0) NOT NULL COMMENT '创建人',
  `update_user` bigint(0) NOT NULL COMMENT '修改人',
  `is_deleted` int(0) NOT NULL DEFAULT 0 COMMENT '是否删除',
  PRIMARY KEY (`id`) USING BTREE,
  UNIQUE INDEX `idx_setmeal_name`(`name`) USING BTREE
) ENGINE = InnoDB CHARACTER SET = utf8 COLLATE = utf8_bin COMMENT = '套餐' ROW_FORMAT = Dynamic;

-- ----------------------------
-- Records of setmeal
-- ----------------------------
INSERT INTO `setmeal` VALUES (1533829196787044353, 1413342269393674242, '两荤一素一汤', 1500.00, 1, '', '菜品有需要更换请在订单中备注', 'aeafe0f6-a5dd-4c92-919a-17dcff2caca8.jpg', '2022-06-06 23:12:32', '2022-06-06 23:12:32', 1, 1, 0);
INSERT INTO `setmeal` VALUES (1533829565218902018, 1413342269393674242, '一荤一素一汤', 1300.00, 1, '', '', 'a1a1b363-4b93-418a-aee7-4144c5fecdd1.jpg', '2022-06-06 23:14:00', '2022-06-06 23:14:00', 1, 1, 0);

-- ----------------------------
-- Table structure for setmeal_dish
-- ----------------------------
DROP TABLE IF EXISTS `setmeal_dish`;
CREATE TABLE `setmeal_dish`  (
  `id` bigint(0) NOT NULL COMMENT '主键',
  `setmeal_id` varchar(32) CHARACTER SET utf8 COLLATE utf8_bin NOT NULL COMMENT '套餐id ',
  `dish_id` varchar(32) CHARACTER SET utf8 COLLATE utf8_bin NOT NULL COMMENT '菜品id',
  `name` varchar(32) CHARACTER SET utf8 COLLATE utf8_bin NULL DEFAULT NULL COMMENT '菜品名称 （冗余字段）',
  `price` decimal(10, 2) NULL DEFAULT NULL COMMENT '菜品原价（冗余字段）',
  `copies` int(0) NOT NULL COMMENT '份数',
  `sort` int(0) NOT NULL DEFAULT 0 COMMENT '排序',
  `create_time` datetime(0) NOT NULL COMMENT '创建时间',
  `update_time` datetime(0) NOT NULL COMMENT '更新时间',
  `create_user` bigint(0) NOT NULL COMMENT '创建人',
  `update_user` bigint(0) NOT NULL COMMENT '修改人',
  `is_deleted` int(0) NOT NULL DEFAULT 0 COMMENT '是否删除',
  PRIMARY KEY (`id`) USING BTREE
) ENGINE = InnoDB CHARACTER SET = utf8 COLLATE = utf8_bin COMMENT = '套餐菜品关系' ROW_FORMAT = Dynamic;

-- ----------------------------
-- Records of setmeal_dish
-- ----------------------------
INSERT INTO `setmeal_dish` VALUES (1533636683937718273, '1533636683874803713', '1397851668262465537', '口味蛇', 16800.00, 1, 0, '2022-06-06 10:27:34', '2022-06-06 10:27:34', 1, 1, 0);
INSERT INTO `setmeal_dish` VALUES (1533636683937718274, '1533636683874803713', '1397854652581064706', '麻辣水煮鱼', 14800.00, 1, 0, '2022-06-06 10:27:34', '2022-06-06 10:27:34', 1, 1, 0);
INSERT INTO `setmeal_dish` VALUES (1533636683937718275, '1533636683874803713', '1397860963880316929', '脆皮乳鸽', 10800.00, 1, 0, '2022-06-06 10:27:34', '2022-06-06 10:27:34', 1, 1, 0);
INSERT INTO `setmeal_dish` VALUES (1533636683937718276, '1533636683874803713', '1413342036832100354', '北冰洋', 500.00, 1, 0, '2022-06-06 10:27:34', '2022-06-06 10:27:34', 1, 1, 0);
INSERT INTO `setmeal_dish` VALUES (1533636683937718277, '1533636683874803713', '1413384757047271425', '王老吉', 500.00, 1, 0, '2022-06-06 10:27:34', '2022-06-06 10:27:34', 1, 1, 0);
INSERT INTO `setmeal_dish` VALUES (1533636683937718278, '1533636683874803713', '1413385247889891330', '米饭', 200.00, 2, 0, '2022-06-06 10:27:34', '2022-06-06 10:27:34', 1, 1, 0);
INSERT INTO `setmeal_dish` VALUES (1533829196787044354, '1533829196787044353', '1413385247889891330', '米饭', 200.00, 1, 0, '2022-06-06 23:12:32', '2022-06-06 23:12:32', 1, 1, 0);
INSERT INTO `setmeal_dish` VALUES (1533829196787044355, '1533829196787044353', '1533827504494432258', '丸子汤', 500.00, 1, 0, '2022-06-06 23:12:32', '2022-06-06 23:12:32', 1, 1, 0);
INSERT INTO `setmeal_dish` VALUES (1533829196787044356, '1533829196787044353', '1533827274881454082', '农家小炒肉', 600.00, 1, 0, '2022-06-06 23:12:32', '2022-06-06 23:12:32', 1, 1, 0);
INSERT INTO `setmeal_dish` VALUES (1533829196787044357, '1533829196787044353', '1533827033637670914', '咖喱鸡肉', 600.00, 1, 0, '2022-06-06 23:12:32', '2022-06-06 23:12:32', 1, 1, 0);
INSERT INTO `setmeal_dish` VALUES (1533829196787044358, '1533829196787044353', '1533827148309942273', '空心菜', 200.00, 1, 0, '2022-06-06 23:12:32', '2022-06-06 23:12:32', 1, 1, 0);
INSERT INTO `setmeal_dish` VALUES (1533829565281816577, '1533829565218902018', '1413385247889891330', '米饭', 200.00, 1, 0, '2022-06-06 23:14:00', '2022-06-06 23:14:00', 1, 1, 0);
INSERT INTO `setmeal_dish` VALUES (1533829565281816578, '1533829565218902018', '1533827504494432258', '丸子汤', 500.00, 1, 0, '2022-06-06 23:14:00', '2022-06-06 23:14:00', 1, 1, 0);
INSERT INTO `setmeal_dish` VALUES (1533829565281816579, '1533829565218902018', '1533827274881454082', '农家小炒肉', 600.00, 1, 0, '2022-06-06 23:14:00', '2022-06-06 23:14:00', 1, 1, 0);
INSERT INTO `setmeal_dish` VALUES (1533829565281816580, '1533829565218902018', '1533827148309942273', '空心菜', 200.00, 1, 0, '2022-06-06 23:14:00', '2022-06-06 23:14:00', 1, 1, 0);

-- ----------------------------
-- Table structure for shopping_cart
-- ----------------------------
DROP TABLE IF EXISTS `shopping_cart`;
CREATE TABLE `shopping_cart`  (
  `id` bigint(0) NOT NULL COMMENT '主键',
  `name` varchar(50) CHARACTER SET utf8 COLLATE utf8_bin NULL DEFAULT NULL COMMENT '名称',
  `image` varchar(100) CHARACTER SET utf8 COLLATE utf8_bin NULL DEFAULT NULL COMMENT '图片',
  `user_id` bigint(0) NOT NULL COMMENT '主键',
  `dish_id` bigint(0) NULL DEFAULT NULL COMMENT '菜品id',
  `setmeal_id` bigint(0) NULL DEFAULT NULL COMMENT '套餐id',
  `dish_flavor` varchar(50) CHARACTER SET utf8 COLLATE utf8_bin NULL DEFAULT NULL COMMENT '口味',
  `number` int(0) NOT NULL DEFAULT 1 COMMENT '数量',
  `amount` decimal(10, 2) NOT NULL COMMENT '金额',
  `create_time` datetime(0) NULL DEFAULT NULL COMMENT '创建时间',
  PRIMARY KEY (`id`) USING BTREE
) ENGINE = InnoDB CHARACTER SET = utf8 COLLATE = utf8_bin COMMENT = '购物车' ROW_FORMAT = Dynamic;

-- ----------------------------
-- Records of shopping_cart
-- ----------------------------

-- ----------------------------
-- Table structure for user
-- ----------------------------
DROP TABLE IF EXISTS `user`;
CREATE TABLE `user`  (
  `id` bigint(0) NOT NULL COMMENT '主键',
  `name` varchar(50) CHARACTER SET utf8 COLLATE utf8_bin NULL DEFAULT NULL COMMENT '姓名',
  `phone` varchar(100) CHARACTER SET utf8 COLLATE utf8_bin NOT NULL COMMENT '手机号',
  `sex` varchar(2) CHARACTER SET utf8 COLLATE utf8_bin NULL DEFAULT NULL COMMENT '性别',
  `id_number` varchar(18) CHARACTER SET utf8 COLLATE utf8_bin NULL DEFAULT NULL COMMENT '身份证号',
  `avatar` varchar(500) CHARACTER SET utf8 COLLATE utf8_bin NULL DEFAULT NULL COMMENT '头像',
  `status` int(0) NULL DEFAULT 0 COMMENT '状态 0:禁用，1:正常',
  PRIMARY KEY (`id`) USING BTREE
) ENGINE = InnoDB CHARACTER SET = utf8 COLLATE = utf8_bin COMMENT = '用户信息' ROW_FORMAT = Dynamic;

-- ----------------------------
-- Records of user
-- ----------------------------
INSERT INTO `user` VALUES (1533650160219619329, '黄佳鑫', '15080100569', NULL, NULL, NULL, 1);
INSERT INTO `user` VALUES (1533763615966703618, '小李', '13306999823', NULL, NULL, NULL, 1);
INSERT INTO `user` VALUES (1533764910425350146, '小王', '13506964590', NULL, NULL, NULL, 1);
INSERT INTO `user` VALUES (1533833039511863298, NULL, '13506964580', NULL, NULL, NULL, 1);
INSERT INTO `user` VALUES (1533835094326587393, NULL, '18065555360', NULL, NULL, NULL, 1);

SET FOREIGN_KEY_CHECKS = 1;
